{
  "warnings": [
    {
      "file": "/System/Volumes/Data/cvs/SwiftTerm/Sources/SwiftTerm/Apple/AppleTerminalView.swift",
      "line": 28,
      "symbol": "TTImage",
      "symbol_kind": "source.lang.swift.decl.typealias",
      "warning": "undocumented"
    },
    {
      "file": "/System/Volumes/Data/cvs/SwiftTerm/Sources/SwiftTerm/Apple/AppleTerminalView.swift",
      "line": 233,
      "symbol": "TerminalView.hostCurrentDirectoryUpdated(source:)",
      "symbol_kind": "source.lang.swift.decl.function.method.instance",
      "warning": "undocumented"
    },
    {
      "file": "/System/Volumes/Data/cvs/SwiftTerm/Sources/SwiftTerm/Apple/AppleTerminalView.swift",
      "line": 251,
      "symbol": "TerminalView.colorChanged(source:idx:)",
      "symbol_kind": "source.lang.swift.decl.function.method.instance",
      "warning": "undocumented"
    },
    {
      "file": "/System/Volumes/Data/cvs/SwiftTerm/Sources/SwiftTerm/Apple/AppleTerminalView.swift",
      "line": 261,
      "symbol": "TerminalView.setBackgroundColor(source:color:)",
      "symbol_kind": "source.lang.swift.decl.function.method.instance",
      "warning": "undocumented"
    },
    {
      "file": "/System/Volumes/Data/cvs/SwiftTerm/Sources/SwiftTerm/Apple/AppleTerminalView.swift",
      "line": 268,
      "symbol": "TerminalView.setForegroundColor(source:color:)",
      "symbol_kind": "source.lang.swift.decl.function.method.instance",
      "warning": "undocumented"
    },
    {
      "file": "/System/Volumes/Data/cvs/SwiftTerm/Sources/SwiftTerm/Apple/AppleTerminalView.swift",
      "line": 791,
      "symbol": "TerminalView.scroll(toPosition:)",
      "symbol_kind": "source.lang.swift.decl.function.method.instance",
      "warning": "undocumented"
    },
    {
      "file": "/System/Volumes/Data/cvs/SwiftTerm/Sources/SwiftTerm/Apple/AppleTerminalView.swift",
      "line": 933,
      "symbol": "TerminalView.showCursor(source:)",
      "symbol_kind": "source.lang.swift.decl.function.method.instance",
      "warning": "undocumented"
    },
    {
      "file": "/System/Volumes/Data/cvs/SwiftTerm/Sources/SwiftTerm/Apple/AppleTerminalView.swift",
      "line": 939,
      "symbol": "TerminalView.hideCursor(source:)",
      "symbol_kind": "source.lang.swift.decl.function.method.instance",
      "warning": "undocumented"
    },
    {
      "file": "/System/Volumes/Data/cvs/SwiftTerm/Sources/SwiftTerm/Apple/AppleTerminalView.swift",
      "line": 943,
      "symbol": "TerminalView.bell(source:)",
      "symbol_kind": "source.lang.swift.decl.function.method.instance",
      "warning": "undocumented"
    },
    {
      "file": "/System/Volumes/Data/cvs/SwiftTerm/Sources/SwiftTerm/Apple/AppleTerminalView.swift",
      "line": 987,
      "symbol": "TerminalView.createImageFromBitmap(source:bytes:width:height:)",
      "symbol_kind": "source.lang.swift.decl.function.method.instance",
      "warning": "undocumented"
    },
    {
      "file": "/System/Volumes/Data/cvs/SwiftTerm/Sources/SwiftTerm/Apple/AppleTerminalView.swift",
      "line": 1006,
      "symbol": "TerminalView.createImage(source:data:width:height:preserveAspectRatio:)",
      "symbol_kind": "source.lang.swift.decl.function.method.instance",
      "warning": "undocumented"
    },
    {
      "file": "/System/Volumes/Data/cvs/SwiftTerm/Sources/SwiftTerm/Apple/TerminalViewDelegate.swift",
      "line": 10,
      "symbol": "TerminalViewDelegate",
      "symbol_kind": "source.lang.swift.decl.protocol",
      "warning": "undocumented"
    },
    {
      "file": "/System/Volumes/Data/cvs/SwiftTerm/Sources/SwiftTerm/Apple/TerminalViewDelegate.swift",
      "line": 1156,
      "symbol": "TerminalViewDelegate",
      "symbol_kind": "source.lang.swift.decl.extension",
      "warning": "undocumented"
    },
    {
      "file": "/System/Volumes/Data/cvs/SwiftTerm/Sources/SwiftTerm/BufferLine.swift",
      "line": 11,
      "symbol": "BufferLine",
      "symbol_kind": "source.lang.swift.decl.class",
      "warning": "undocumented"
    },
    {
      "file": "/System/Volumes/Data/cvs/SwiftTerm/Sources/SwiftTerm/BufferLine.swift",
      "line": 16,
      "symbol": "BufferLine.init(cols:fillData:isWrapped:)",
      "symbol_kind": "source.lang.swift.decl.function.method.instance",
      "warning": "undocumented"
    },
    {
      "file": "/System/Volumes/Data/cvs/SwiftTerm/Sources/SwiftTerm/BufferLine.swift",
      "line": 23,
      "symbol": "BufferLine.init(from:)",
      "symbol_kind": "source.lang.swift.decl.function.method.instance",
      "warning": "undocumented"
    },
    {
      "file": "/System/Volumes/Data/cvs/SwiftTerm/Sources/SwiftTerm/BufferLine.swift",
      "line": 29,
      "symbol": "BufferLine.count",
      "symbol_kind": "source.lang.swift.decl.var.instance",
      "warning": "undocumented"
    },
    {
      "file": "/System/Volumes/Data/cvs/SwiftTerm/Sources/SwiftTerm/BufferLine.swift",
      "line": 35,
      "symbol": "BufferLine.subscript(_:)",
      "symbol_kind": "source.lang.swift.decl.function.subscript",
      "warning": "undocumented"
    },
    {
      "file": "/System/Volumes/Data/cvs/SwiftTerm/Sources/SwiftTerm/BufferLine.swift",
      "line": 55,
      "symbol": "BufferLine.getWidth(index:)",
      "symbol_kind": "source.lang.swift.decl.function.method.instance",
      "warning": "undocumented"
    },
    {
      "file": "/System/Volumes/Data/cvs/SwiftTerm/Sources/SwiftTerm/BufferLine.swift",
      "line": 64,
      "symbol": "BufferLine.hasAnyContent()",
      "symbol_kind": "source.lang.swift.decl.function.method.instance",
      "warning": "undocumented"
    },
    {
      "file": "/System/Volumes/Data/cvs/SwiftTerm/Sources/SwiftTerm/BufferLine.swift",
      "line": 73,
      "symbol": "BufferLine.insertCells(pos:n:rightMargin:fillData:)",
      "symbol_kind": "source.lang.swift.decl.function.method.instance",
      "warning": "undocumented"
    },
    {
      "file": "/System/Volumes/Data/cvs/SwiftTerm/Sources/SwiftTerm/BufferLine.swift",
      "line": 92,
      "symbol": "BufferLine.deleteCells(pos:n:rightMargin:fillData:)",
      "symbol_kind": "source.lang.swift.decl.function.method.instance",
      "warning": "undocumented"
    },
    {
      "file": "/System/Volumes/Data/cvs/SwiftTerm/Sources/SwiftTerm/BufferLine.swift",
      "line": 111,
      "symbol": "BufferLine.replaceCells(start:end:fillData:)",
      "symbol_kind": "source.lang.swift.decl.function.method.instance",
      "warning": "undocumented"
    },
    {
      "file": "/System/Volumes/Data/cvs/SwiftTerm/Sources/SwiftTerm/BufferLine.swift",
      "line": 121,
      "symbol": "BufferLine.resize(cols:fillData:)",
      "symbol_kind": "source.lang.swift.decl.function.method.instance",
      "warning": "undocumented"
    },
    {
      "file": "/System/Volumes/Data/cvs/SwiftTerm/Sources/SwiftTerm/BufferLine.swift",
      "line": 145,
      "symbol": "BufferLine.fill(with:)",
      "symbol_kind": "source.lang.swift.decl.function.method.instance",
      "warning": "undocumented"
    },
    {
      "file": "/System/Volumes/Data/cvs/SwiftTerm/Sources/SwiftTerm/BufferLine.swift",
      "line": 152,
      "symbol": "BufferLine.fill(with:atCol:len:)",
      "symbol_kind": "source.lang.swift.decl.function.method.instance",
      "warning": "undocumented"
    },
    {
      "file": "/System/Volumes/Data/cvs/SwiftTerm/Sources/SwiftTerm/BufferLine.swift",
      "line": 159,
      "symbol": "BufferLine.copyFrom(line:)",
      "symbol_kind": "source.lang.swift.decl.function.method.instance",
      "warning": "undocumented"
    },
    {
      "file": "/System/Volumes/Data/cvs/SwiftTerm/Sources/SwiftTerm/BufferLine.swift",
      "line": 177,
      "symbol": "BufferLine.copyFrom(_:srcCol:dstCol:len:)",
      "symbol_kind": "source.lang.swift.decl.function.method.instance",
      "warning": "undocumented"
    },
    {
      "file": "/System/Volumes/Data/cvs/SwiftTerm/Sources/SwiftTerm/BufferLine.swift",
      "line": 201,
      "symbol": "BufferLine.attach(image:)",
      "symbol_kind": "source.lang.swift.decl.function.method.instance",
      "warning": "undocumented"
    },
    {
      "file": "/System/Volumes/Data/cvs/SwiftTerm/Sources/SwiftTerm/CharData.swift",
      "line": 102,
      "symbol": "Attribute.style",
      "symbol_kind": "source.lang.swift.decl.var.instance",
      "warning": "undocumented"
    },
    {
      "file": "/System/Volumes/Data/cvs/SwiftTerm/Sources/SwiftTerm/CharData.swift",
      "line": 200,
      "symbol": "TinyAtom.release(code:)",
      "symbol_kind": "source.lang.swift.decl.function.method.static",
      "warning": "undocumented"
    },
    {
      "file": "/System/Volumes/Data/cvs/SwiftTerm/Sources/SwiftTerm/CharData.swift",
      "line": 299,
      "symbol": "CharData.isSimpleRune",
      "symbol_kind": "source.lang.swift.decl.var.instance",
      "warning": "undocumented"
    },
    {
      "file": "/System/Volumes/Data/cvs/SwiftTerm/Sources/SwiftTerm/CharData.swift",
      "line": 311,
      "symbol": "CharData.getPayload()",
      "symbol_kind": "source.lang.swift.decl.function.method.instance",
      "warning": "undocumented"
    },
    {
      "file": "/System/Volumes/Data/cvs/SwiftTerm/Sources/SwiftTerm/CharData.swift",
      "line": 316,
      "symbol": "CharData.hasPayload",
      "symbol_kind": "source.lang.swift.decl.var.instance",
      "warning": "undocumented"
    },
    {
      "file": "/System/Volumes/Data/cvs/SwiftTerm/Sources/SwiftTerm/CharData.swift",
      "line": 362,
      "symbol": "ImageCell",
      "symbol_kind": "source.lang.swift.decl.class",
      "warning": "undocumented"
    },
    {
      "file": "/System/Volumes/Data/cvs/SwiftTerm/Sources/SwiftTerm/CharData.swift",
      "line": 369,
      "symbol": "ImageCell.init(_:)",
      "symbol_kind": "source.lang.swift.decl.function.method.instance",
      "warning": "undocumented"
    },
    {
      "file": "/System/Volumes/Data/cvs/SwiftTerm/Sources/SwiftTerm/HeadlessTerminal.swift",
      "line": 16,
      "symbol": "HeadlessTerminal.terminal",
      "symbol_kind": "source.lang.swift.decl.var.instance",
      "warning": "undocumented"
    },
    {
      "file": "/System/Volumes/Data/cvs/SwiftTerm/Sources/SwiftTerm/HeadlessTerminal.swift",
      "line": 21,
      "symbol": "HeadlessTerminal.init(queue:options:onEnd:)",
      "symbol_kind": "source.lang.swift.decl.function.method.instance",
      "warning": "undocumented"
    },
    {
      "file": "/System/Volumes/Data/cvs/SwiftTerm/Sources/SwiftTerm/HeadlessTerminal.swift",
      "line": 61,
      "symbol": "HeadlessTerminal.colorChanged(source:idx:)",
      "symbol_kind": "source.lang.swift.decl.function.method.instance",
      "warning": "undocumented"
    },
    {
      "file": "/System/Volumes/Data/cvs/SwiftTerm/Sources/SwiftTerm/LocalProcess.swift",
      "line": 13,
      "symbol": "LocalProcessDelegate",
      "symbol_kind": "source.lang.swift.decl.protocol",
      "warning": "undocumented"
    },
    {
      "file": "/System/Volumes/Data/cvs/SwiftTerm/Sources/SwiftTerm/LocalProcess.swift",
      "line": 53,
      "symbol": "LocalProcess.childfd",
      "symbol_kind": "source.lang.swift.decl.var.instance",
      "warning": "undocumented"
    },
    {
      "file": "/System/Volumes/Data/cvs/SwiftTerm/Sources/SwiftTerm/Mac/MacDebugView.swift",
      "line": 11,
      "symbol": "TerminalDebugView",
      "symbol_kind": "source.lang.swift.decl.class",
      "warning": "undocumented"
    },
    {
      "file": "/System/Volumes/Data/cvs/SwiftTerm/Sources/SwiftTerm/Mac/MacDebugView.swift",
      "line": 25,
      "symbol": "TerminalDebugView.update()",
      "symbol_kind": "source.lang.swift.decl.function.method.instance",
      "warning": "undocumented"
    },
    {
      "file": "/System/Volumes/Data/cvs/SwiftTerm/Sources/SwiftTerm/Mac/MacDebugView.swift",
      "line": 31,
      "symbol": "TerminalDebugView.init(frame:terminal:)",
      "symbol_kind": "source.lang.swift.decl.function.method.instance",
      "warning": "undocumented"
    },
    {
      "file": "/System/Volumes/Data/cvs/SwiftTerm/Sources/SwiftTerm/Mac/MacDebugView.swift",
      "line": 93,
      "symbol": "TerminalDebugView.draw(_:)",
      "symbol_kind": "source.lang.swift.decl.function.method.instance",
      "warning": "undocumented"
    },
    {
      "file": "/System/Volumes/Data/cvs/SwiftTerm/Sources/SwiftTerm/Mac/MacLocalTerminalView.swift",
      "line": 11,
      "symbol": "LocalProcessTerminalViewDelegate",
      "symbol_kind": "source.lang.swift.decl.protocol",
      "warning": "undocumented"
    },
    {
      "file": "/System/Volumes/Data/cvs/SwiftTerm/Sources/SwiftTerm/Mac/MacLocalTerminalView.swift",
      "line": 64,
      "symbol": "LocalProcessTerminalView.init(frame:)",
      "symbol_kind": "source.lang.swift.decl.function.method.instance",
      "warning": "undocumented"
    },
    {
      "file": "/System/Volumes/Data/cvs/SwiftTerm/Sources/SwiftTerm/Mac/MacLocalTerminalView.swift",
      "line": 70,
      "symbol": "LocalProcessTerminalView.init(coder:)",
      "symbol_kind": "source.lang.swift.decl.function.method.instance",
      "warning": "undocumented"
    },
    {
      "file": "/System/Volumes/Data/cvs/SwiftTerm/Sources/SwiftTerm/Mac/MacTerminalView.swift",
      "line": 117,
      "symbol": "TerminalView.init(frame:font:)",
      "symbol_kind": "source.lang.swift.decl.function.method.instance",
      "warning": "undocumented"
    },
    {
      "file": "/System/Volumes/Data/cvs/SwiftTerm/Sources/SwiftTerm/Mac/MacTerminalView.swift",
      "line": 124,
      "symbol": "TerminalView.init(frame:)",
      "symbol_kind": "source.lang.swift.decl.function.method.instance",
      "warning": "undocumented"
    },
    {
      "file": "/System/Volumes/Data/cvs/SwiftTerm/Sources/SwiftTerm/Mac/MacTerminalView.swift",
      "line": 131,
      "symbol": "TerminalView.init(coder:)",
      "symbol_kind": "source.lang.swift.decl.function.method.instance",
      "warning": "undocumented"
    },
    {
      "file": "/System/Volumes/Data/cvs/SwiftTerm/Sources/SwiftTerm/Mac/MacTerminalView.swift",
      "line": 331,
      "symbol": "TerminalView.draw(_:)",
      "symbol_kind": "source.lang.swift.decl.function.method.instance",
      "warning": "undocumented"
    },
    {
      "file": "/System/Volumes/Data/cvs/SwiftTerm/Sources/SwiftTerm/Mac/MacTerminalView.swift",
      "line": 339,
      "symbol": "TerminalView.cursorUpdate(with:)",
      "symbol_kind": "source.lang.swift.decl.function.method.instance",
      "warning": "undocumented"
    },
    {
      "file": "/System/Volumes/Data/cvs/SwiftTerm/Sources/SwiftTerm/Mac/MacTerminalView.swift",
      "line": 349,
      "symbol": "TerminalView.frame",
      "symbol_kind": "source.lang.swift.decl.var.instance",
      "warning": "undocumented"
    },
    {
      "file": "/System/Volumes/Data/cvs/SwiftTerm/Sources/SwiftTerm/Mac/MacTerminalView.swift",
      "line": 372,
      "symbol": "TerminalView.resizeSubviews(withOldSize:)",
      "symbol_kind": "source.lang.swift.decl.function.method.instance",
      "warning": "undocumented"
    },
    {
      "file": "/System/Volumes/Data/cvs/SwiftTerm/Sources/SwiftTerm/Mac/MacTerminalView.swift",
      "line": 379,
      "symbol": "TerminalView.hasFocus",
      "symbol_kind": "source.lang.swift.decl.var.instance",
      "warning": "undocumented"
    },
    {
      "file": "/System/Volumes/Data/cvs/SwiftTerm/Sources/SwiftTerm/Mac/MacTerminalView.swift",
      "line": 390,
      "symbol": "TerminalView.becomeFirstResponder()",
      "symbol_kind": "source.lang.swift.decl.function.method.instance",
      "warning": "undocumented"
    },
    {
      "file": "/System/Volumes/Data/cvs/SwiftTerm/Sources/SwiftTerm/Mac/MacTerminalView.swift",
      "line": 398,
      "symbol": "TerminalView.resignFirstResponder()",
      "symbol_kind": "source.lang.swift.decl.function.method.instance",
      "warning": "undocumented"
    },
    {
      "file": "/System/Volumes/Data/cvs/SwiftTerm/Sources/SwiftTerm/Mac/MacTerminalView.swift",
      "line": 406,
      "symbol": "TerminalView.acceptsFirstResponder",
      "symbol_kind": "source.lang.swift.decl.var.instance",
      "warning": "undocumented"
    },
    {
      "file": "/System/Volumes/Data/cvs/SwiftTerm/Sources/SwiftTerm/Mac/MacTerminalView.swift",
      "line": 456,
      "symbol": "TerminalView.flagsChanged(with:)",
      "symbol_kind": "source.lang.swift.decl.function.method.instance",
      "warning": "undocumented"
    },
    {
      "file": "/System/Volumes/Data/cvs/SwiftTerm/Sources/SwiftTerm/Mac/MacTerminalView.swift",
      "line": 470,
      "symbol": "TerminalView.mouseExited(with:)",
      "symbol_kind": "source.lang.swift.decl.function.method.instance",
      "warning": "undocumented"
    },
    {
      "file": "/System/Volumes/Data/cvs/SwiftTerm/Sources/SwiftTerm/Mac/MacTerminalView.swift",
      "line": 496,
      "symbol": "TerminalView.keyDown(with:)",
      "symbol_kind": "source.lang.swift.decl.function.method.instance",
      "warning": "undocumented"
    },
    {
      "file": "/System/Volumes/Data/cvs/SwiftTerm/Sources/SwiftTerm/Mac/MacTerminalView.swift",
      "line": 567,
      "symbol": "TerminalView.doCommand(by:)",
      "symbol_kind": "source.lang.swift.decl.function.method.instance",
      "warning": "undocumented"
    },
    {
      "file": "/System/Volumes/Data/cvs/SwiftTerm/Sources/SwiftTerm/Mac/MacTerminalView.swift",
      "line": 620,
      "symbol": "TerminalView.insertText(_:replacementRange:)",
      "symbol_kind": "source.lang.swift.decl.function.method.instance",
      "warning": "undocumented"
    },
    {
      "file": "/System/Volumes/Data/cvs/SwiftTerm/Sources/SwiftTerm/Mac/MacTerminalView.swift",
      "line": 629,
      "symbol": "TerminalView.setMarkedText(_:selectedRange:replacementRange:)",
      "symbol_kind": "source.lang.swift.decl.function.method.instance",
      "warning": "undocumented"
    },
    {
      "file": "/System/Volumes/Data/cvs/SwiftTerm/Sources/SwiftTerm/Mac/MacTerminalView.swift",
      "line": 634,
      "symbol": "TerminalView.unmarkText()",
      "symbol_kind": "source.lang.swift.decl.function.method.instance",
      "warning": "undocumented"
    },
    {
      "file": "/System/Volumes/Data/cvs/SwiftTerm/Sources/SwiftTerm/Mac/MacTerminalView.swift",
      "line": 639,
      "symbol": "TerminalView.selectedRange()",
      "symbol_kind": "source.lang.swift.decl.function.method.instance",
      "warning": "undocumented"
    },
    {
      "file": "/System/Volumes/Data/cvs/SwiftTerm/Sources/SwiftTerm/Mac/MacTerminalView.swift",
      "line": 658,
      "symbol": "TerminalView.markedRange()",
      "symbol_kind": "source.lang.swift.decl.function.method.instance",
      "warning": "undocumented"
    },
    {
      "file": "/System/Volumes/Data/cvs/SwiftTerm/Sources/SwiftTerm/Mac/MacTerminalView.swift",
      "line": 666,
      "symbol": "TerminalView.hasMarkedText()",
      "symbol_kind": "source.lang.swift.decl.function.method.instance",
      "warning": "undocumented"
    },
    {
      "file": "/System/Volumes/Data/cvs/SwiftTerm/Sources/SwiftTerm/Mac/MacTerminalView.swift",
      "line": 673,
      "symbol": "TerminalView.attributedSubstring(forProposedRange:actualRange:)",
      "symbol_kind": "source.lang.swift.decl.function.method.instance",
      "warning": "undocumented"
    },
    {
      "file": "/System/Volumes/Data/cvs/SwiftTerm/Sources/SwiftTerm/Mac/MacTerminalView.swift",
      "line": 679,
      "symbol": "TerminalView.validAttributesForMarkedText()",
      "symbol_kind": "source.lang.swift.decl.function.method.instance",
      "warning": "undocumented"
    },
    {
      "file": "/System/Volumes/Data/cvs/SwiftTerm/Sources/SwiftTerm/Mac/MacTerminalView.swift",
      "line": 685,
      "symbol": "TerminalView.firstRect(forCharacterRange:actualRange:)",
      "symbol_kind": "source.lang.swift.decl.function.method.instance",
      "warning": "undocumented"
    },
    {
      "file": "/System/Volumes/Data/cvs/SwiftTerm/Sources/SwiftTerm/Mac/MacTerminalView.swift",
      "line": 696,
      "symbol": "TerminalView.characterIndex(for:)",
      "symbol_kind": "source.lang.swift.decl.function.method.instance",
      "warning": "undocumented"
    },
    {
      "file": "/System/Volumes/Data/cvs/SwiftTerm/Sources/SwiftTerm/Mac/MacTerminalView.swift",
      "line": 701,
      "symbol": "TerminalView.validateUserInterfaceItem(_:)",
      "symbol_kind": "source.lang.swift.decl.function.method.instance",
      "warning": "undocumented"
    },
    {
      "file": "/System/Volumes/Data/cvs/SwiftTerm/Sources/SwiftTerm/Mac/MacTerminalView.swift",
      "line": 738,
      "symbol": "TerminalView.paste(_:)",
      "symbol_kind": "source.lang.swift.decl.function.method.instance",
      "warning": "undocumented"
    },
    {
      "file": "/System/Volumes/Data/cvs/SwiftTerm/Sources/SwiftTerm/Mac/MacTerminalView.swift",
      "line": 746,
      "symbol": "TerminalView.copy(_:)",
      "symbol_kind": "source.lang.swift.decl.function.method.instance",
      "warning": "undocumented"
    },
    {
      "file": "/System/Volumes/Data/cvs/SwiftTerm/Sources/SwiftTerm/Mac/MacTerminalView.swift",
      "line": 772,
      "symbol": "TerminalView.selectAll(_:)",
      "symbol_kind": "source.lang.swift.decl.function.method.instance",
      "warning": "undocumented"
    },
    {
      "file": "/System/Volumes/Data/cvs/SwiftTerm/Sources/SwiftTerm/Mac/MacTerminalView.swift",
      "line": 824,
      "symbol": "TerminalView.mouseDown(with:)",
      "symbol_kind": "source.lang.swift.decl.function.method.instance",
      "warning": "undocumented"
    },
    {
      "file": "/System/Volumes/Data/cvs/SwiftTerm/Sources/SwiftTerm/Mac/MacTerminalView.swift",
      "line": 860,
      "symbol": "TerminalView.mouseUp(with:)",
      "symbol_kind": "source.lang.swift.decl.function.method.instance",
      "warning": "undocumented"
    },
    {
      "file": "/System/Volumes/Data/cvs/SwiftTerm/Sources/SwiftTerm/Mac/MacTerminalView.swift",
      "line": 881,
      "symbol": "TerminalView.mouseDragged(with:)",
      "symbol_kind": "source.lang.swift.decl.function.method.instance",
      "warning": "undocumented"
    },
    {
      "file": "/System/Volumes/Data/cvs/SwiftTerm/Sources/SwiftTerm/Mac/MacTerminalView.swift",
      "line": 976,
      "symbol": "TerminalView.mouseMoved(with:)",
      "symbol_kind": "source.lang.swift.decl.function.method.instance",
      "warning": "undocumented"
    },
    {
      "file": "/System/Volumes/Data/cvs/SwiftTerm/Sources/SwiftTerm/Mac/MacTerminalView.swift",
      "line": 990,
      "symbol": "TerminalView.scrollWheel(with:)",
      "symbol_kind": "source.lang.swift.decl.function.method.instance",
      "warning": "undocumented"
    },
    {
      "file": "/System/Volumes/Data/cvs/SwiftTerm/Sources/SwiftTerm/Mac/MacTerminalView.swift",
      "line": 1016,
      "symbol": "TerminalView.resetCursorRects()",
      "symbol_kind": "source.lang.swift.decl.function.method.instance",
      "warning": "undocumented"
    },
    {
      "file": "/System/Volumes/Data/cvs/SwiftTerm/Sources/SwiftTerm/Mac/MacTerminalView.swift",
      "line": 1020,
      "symbol": "TerminalView.resetFontSize()",
      "symbol_kind": "source.lang.swift.decl.function.method.instance",
      "warning": "undocumented"
    },
    {
      "file": "/System/Volumes/Data/cvs/SwiftTerm/Sources/SwiftTerm/Terminal.swift",
      "line": 239,
      "symbol": "TerminalImage",
      "symbol_kind": "source.lang.swift.decl.protocol",
      "warning": "undocumented"
    },
    {
      "file": "/System/Volumes/Data/cvs/SwiftTerm/Sources/SwiftTerm/Terminal.swift",
      "line": 282,
      "symbol": "Terminal.applicationCursor",
      "symbol_kind": "source.lang.swift.decl.var.instance",
      "warning": "undocumented"
    },
    {
      "file": "/System/Volumes/Data/cvs/SwiftTerm/Sources/SwiftTerm/Terminal.swift",
      "line": 463,
      "symbol": "Terminal.mouseMode",
      "symbol_kind": "source.lang.swift.decl.var.instance",
      "warning": "undocumented"
    },
    {
      "file": "/System/Volumes/Data/cvs/SwiftTerm/Sources/SwiftTerm/Terminal.swift",
      "line": 492,
      "symbol": "Terminal.init(delegate:options:)",
      "symbol_kind": "source.lang.swift.decl.function.method.instance",
      "warning": "undocumented"
    },
    {
      "file": "/System/Volumes/Data/cvs/SwiftTerm/Sources/SwiftTerm/Terminal.swift",
      "line": 2386,
      "symbol": "Terminal.WindowManipulationCommand.restoreMaximizedWindow",
      "symbol_kind": "source.lang.swift.decl.enumelement",
      "warning": "undocumented"
    },
    {
      "file": "/System/Volumes/Data/cvs/SwiftTerm/Sources/SwiftTerm/Terminal.swift",
      "line": 2393,
      "symbol": "Terminal.WindowManipulationCommand.undoFullScreen",
      "symbol_kind": "source.lang.swift.decl.enumelement",
      "warning": "undocumented"
    },
    {
      "file": "/System/Volumes/Data/cvs/SwiftTerm/Sources/SwiftTerm/Terminal.swift",
      "line": 2394,
      "symbol": "Terminal.WindowManipulationCommand.switchToFullScreen",
      "symbol_kind": "source.lang.swift.decl.enumelement",
      "warning": "undocumented"
    },
    {
      "file": "/System/Volumes/Data/cvs/SwiftTerm/Sources/SwiftTerm/Terminal.swift",
      "line": 2395,
      "symbol": "Terminal.WindowManipulationCommand.toggleFullScreen",
      "symbol_kind": "source.lang.swift.decl.enumelement",
      "warning": "undocumented"
    },
    {
      "file": "/System/Volumes/Data/cvs/SwiftTerm/Sources/SwiftTerm/Terminal.swift",
      "line": 2396,
      "symbol": "Terminal.WindowManipulationCommand.reportTerminalState",
      "symbol_kind": "source.lang.swift.decl.enumelement",
      "warning": "undocumented"
    },
    {
      "file": "/System/Volumes/Data/cvs/SwiftTerm/Sources/SwiftTerm/Terminal.swift",
      "line": 2397,
      "symbol": "Terminal.WindowManipulationCommand.reportTerminalPosition",
      "symbol_kind": "source.lang.swift.decl.enumelement",
      "warning": "undocumented"
    },
    {
      "file": "/System/Volumes/Data/cvs/SwiftTerm/Sources/SwiftTerm/Terminal.swift",
      "line": 2398,
      "symbol": "Terminal.WindowManipulationCommand.reportTextAreaPosition",
      "symbol_kind": "source.lang.swift.decl.enumelement",
      "warning": "undocumented"
    },
    {
      "file": "/System/Volumes/Data/cvs/SwiftTerm/Sources/SwiftTerm/Terminal.swift",
      "line": 2399,
      "symbol": "Terminal.WindowManipulationCommand.reporttextAreaPixelDimension",
      "symbol_kind": "source.lang.swift.decl.enumelement",
      "warning": "undocumented"
    },
    {
      "file": "/System/Volumes/Data/cvs/SwiftTerm/Sources/SwiftTerm/Terminal.swift",
      "line": 2400,
      "symbol": "Terminal.WindowManipulationCommand.reportSizeOfScreenInPixels",
      "symbol_kind": "source.lang.swift.decl.enumelement",
      "warning": "undocumented"
    },
    {
      "file": "/System/Volumes/Data/cvs/SwiftTerm/Sources/SwiftTerm/Terminal.swift",
      "line": 2401,
      "symbol": "Terminal.WindowManipulationCommand.reportCellSizeInPixels",
      "symbol_kind": "source.lang.swift.decl.enumelement",
      "warning": "undocumented"
    },
    {
      "file": "/System/Volumes/Data/cvs/SwiftTerm/Sources/SwiftTerm/Terminal.swift",
      "line": 2402,
      "symbol": "Terminal.WindowManipulationCommand.reportTextAreaCharacters",
      "symbol_kind": "source.lang.swift.decl.enumelement",
      "warning": "undocumented"
    },
    {
      "file": "/System/Volumes/Data/cvs/SwiftTerm/Sources/SwiftTerm/Terminal.swift",
      "line": 2403,
      "symbol": "Terminal.WindowManipulationCommand.reportScreenSizeCharacters",
      "symbol_kind": "source.lang.swift.decl.enumelement",
      "warning": "undocumented"
    },
    {
      "file": "/System/Volumes/Data/cvs/SwiftTerm/Sources/SwiftTerm/Terminal.swift",
      "line": 2404,
      "symbol": "Terminal.WindowManipulationCommand.reportIconLabel",
      "symbol_kind": "source.lang.swift.decl.enumelement",
      "warning": "undocumented"
    },
    {
      "file": "/System/Volumes/Data/cvs/SwiftTerm/Sources/SwiftTerm/Terminal.swift",
      "line": 2405,
      "symbol": "Terminal.WindowManipulationCommand.reportWindowTitle",
      "symbol_kind": "source.lang.swift.decl.enumelement",
      "warning": "undocumented"
    },
    {
      "file": "/System/Volumes/Data/cvs/SwiftTerm/Sources/SwiftTerm/Terminal.swift",
      "line": 2406,
      "symbol": "Terminal.WindowManipulationCommand.resizeTo(lines:)",
      "symbol_kind": "source.lang.swift.decl.enumelement",
      "warning": "undocumented"
    },
    {
      "file": "/System/Volumes/Data/cvs/SwiftTerm/Sources/SwiftTerm/Terminal.swift",
      "line": 4022,
      "symbol": "Terminal.silentLog",
      "symbol_kind": "source.lang.swift.decl.var.instance",
      "warning": "undocumented"
    },
    {
      "file": "/System/Volumes/Data/cvs/SwiftTerm/Sources/SwiftTerm/Terminal.swift",
      "line": 4049,
      "symbol": "Terminal.feed(text:)",
      "symbol_kind": "source.lang.swift.decl.function.method.instance",
      "warning": "undocumented"
    },
    {
      "file": "/System/Volumes/Data/cvs/SwiftTerm/Sources/SwiftTerm/Terminal.swift",
      "line": 4054,
      "symbol": "Terminal.feed(buffer:)",
      "symbol_kind": "source.lang.swift.decl.function.method.instance",
      "warning": "undocumented"
    },
    {
      "file": "/System/Volumes/Data/cvs/SwiftTerm/Sources/SwiftTerm/Terminal.swift",
      "line": 4059,
      "symbol": "Terminal.parse(buffer:)",
      "symbol_kind": "source.lang.swift.decl.function.method.instance",
      "warning": "undocumented"
    },
    {
      "file": "/System/Volumes/Data/cvs/SwiftTerm/Sources/SwiftTerm/Terminal.swift",
      "line": 4112,
      "symbol": "Terminal.updateFullScreen()",
      "symbol_kind": "source.lang.swift.decl.function.method.instance",
      "warning": "undocumented"
    },
    {
      "file": "/System/Volumes/Data/cvs/SwiftTerm/Sources/SwiftTerm/Terminal.swift",
      "line": 4322,
      "symbol": "Terminal.scroll(isWrapped:)",
      "symbol_kind": "source.lang.swift.decl.function.method.instance",
      "warning": "undocumented"
    },
    {
      "file": "/System/Volumes/Data/cvs/SwiftTerm/Sources/SwiftTerm/Terminal.swift",
      "line": 4404,
      "symbol": "Terminal.emitLineFeed()",
      "symbol_kind": "source.lang.swift.decl.function.method.instance",
      "warning": "undocumented"
    },
    {
      "file": "/System/Volumes/Data/cvs/SwiftTerm/Sources/SwiftTerm/Terminal.swift",
      "line": 4487,
      "symbol": "Terminal.resize(cols:rows:)",
      "symbol_kind": "source.lang.swift.decl.function.method.instance",
      "warning": "undocumented"
    },
    {
      "file": "/System/Volumes/Data/cvs/SwiftTerm/Sources/SwiftTerm/Terminal.swift",
      "line": 4523,
      "symbol": "Terminal.showCursor()",
      "symbol_kind": "source.lang.swift.decl.function.method.instance",
      "warning": "undocumented"
    },
    {
      "file": "/System/Volumes/Data/cvs/SwiftTerm/Sources/SwiftTerm/Terminal.swift",
      "line": 4533,
      "symbol": "Terminal.hideCursor()",
      "symbol_kind": "source.lang.swift.decl.function.method.instance",
      "warning": "undocumented"
    },
    {
      "file": "/System/Volumes/Data/cvs/SwiftTerm/Sources/SwiftTerm/Terminal.swift",
      "line": 4653,
      "symbol": "Terminal.setTitle(text:)",
      "symbol_kind": "source.lang.swift.decl.function.method.instance",
      "warning": "undocumented"
    },
    {
      "file": "/System/Volumes/Data/cvs/SwiftTerm/Sources/SwiftTerm/Terminal.swift",
      "line": 4659,
      "symbol": "Terminal.setIconTitle(text:)",
      "symbol_kind": "source.lang.swift.decl.function.method.instance",
      "warning": "undocumented"
    },
    {
      "file": "/System/Volumes/Data/cvs/SwiftTerm/Sources/SwiftTerm/TerminalOptions.swift",
      "line": 14,
      "symbol": "CursorStyle.blinkBlock",
      "symbol_kind": "source.lang.swift.decl.enumelement",
      "warning": "undocumented"
    },
    {
      "file": "/System/Volumes/Data/cvs/SwiftTerm/Sources/SwiftTerm/TerminalOptions.swift",
      "line": 15,
      "symbol": "CursorStyle.steadyBlock",
      "symbol_kind": "source.lang.swift.decl.enumelement",
      "warning": "undocumented"
    },
    {
      "file": "/System/Volumes/Data/cvs/SwiftTerm/Sources/SwiftTerm/TerminalOptions.swift",
      "line": 16,
      "symbol": "CursorStyle.blinkUnderline",
      "symbol_kind": "source.lang.swift.decl.enumelement",
      "warning": "undocumented"
    },
    {
      "file": "/System/Volumes/Data/cvs/SwiftTerm/Sources/SwiftTerm/TerminalOptions.swift",
      "line": 17,
      "symbol": "CursorStyle.steadyUnderline",
      "symbol_kind": "source.lang.swift.decl.enumelement",
      "warning": "undocumented"
    },
    {
      "file": "/System/Volumes/Data/cvs/SwiftTerm/Sources/SwiftTerm/TerminalOptions.swift",
      "line": 18,
      "symbol": "CursorStyle.blinkingBar",
      "symbol_kind": "source.lang.swift.decl.enumelement",
      "warning": "undocumented"
    },
    {
      "file": "/System/Volumes/Data/cvs/SwiftTerm/Sources/SwiftTerm/TerminalOptions.swift",
      "line": 19,
      "symbol": "CursorStyle.steadyBar",
      "symbol_kind": "source.lang.swift.decl.enumelement",
      "warning": "undocumented"
    },
    {
      "file": "/System/Volumes/Data/cvs/SwiftTerm/Sources/SwiftTerm/TerminalOptions.swift",
      "line": 54,
      "symbol": "TerminalOptions.init(cols:rows:convertEol:termName:cursorStyle:screenReaderMode:scrollback:tabStopWidth:enableSixelReported:)",
      "symbol_kind": "source.lang.swift.decl.function.method.instance",
      "warning": "undocumented"
    }
  ],
  "source_directory": "/System/Volumes/Data/cvs/SwiftTerm/TerminalApp"
}